﻿pos_x,pos_y,rotation,side,designator,mpn,pack,footprint,value,mount_type
38.71,-88.13,0.0,top,D1,,,LED_SK6812MINI_PLCC4_3.5x3.5mm_P1.75mm,SK6812MINI,smt
87.93,-113.86,0.0,top,D2,,,LED_SK6812MINI_PLCC4_3.5x3.5mm_P1.75mm,SK6812MINI,smt
54.9275,-78.2637,0.0,top,SW1,,,SW_Cherry_MX_1.00u_PCB,SW_Push,tht
54.94,-97.29,0.0,top,SW2,,,SW_Cherry_MX_1.00u_PCB,SW_Push,tht
73.94,-97.28,0.0,top,SW3,,,SW_Cherry_MX_1.00u_PCB,SW_Push,tht
94.38,-78.2,0.0,top,SW4,,,SW_Cherry_MX_1.00u_PCB,SW_Push,tht
93.05,-97.26,0.0,top,SW5,,,SW_Cherry_MX_1.00u_PCB,SW_Push,tht
72.17,-82.06,0.0,top,U1,,,XIAO-RP2040-DIP,XIAO-RP2040-DIP,smt
